{"learner":{"attributes":{"scikit_learn":"{\"_estimator_type\": \"classifier\"}"},"feature_names":[],"feature_types":[],"gradient_booster":{"model":{"cats":{"enc":[],"feature_segments":[],"sorted_idx":[]},"gbtree_model_param":{"num_parallel_tree":"1","num_trees":"10"},"iteration_indptr":[0,1,2,3,4,5,6,7,8,9,10],"tree_info":[0,0,0,0,0,0,0,0,0,0],"trees":[{"base_weights":[1.5612927E-7,7.07363E-1,-4.3288994E-1,9.66851E-1,6.007221E-2,2.0294823E-1,-8.558698E-1,4.300169E-1,1.7162507E-2,-1.8683273E-1,1.7909148E-1,2.1785566E-1,-7.5885296E-2,-3.6757773E-1,1.7909148E-1],"categories":[],"categories_nodes":[],"categories_segments":[],"categories_sizes":[],"default_left":[0,0,0,0,0,0,0,0,0,0,0,0,0,0,0],"id":0,"left_children":[1,3,5,7,9,11,13,-1,-1,-1,-1,-1,-1,-1,-1],"loss_changes":[8.255431E0,1.6610665E0,4.6717777E0,2.9905343E0,1.8365021E0,1.9702845E0,6.2243085E0,0E0,0E0,0E0,0E0,0E0,0E0,0E0,0E0],"parents":[2147483647,0,0,1,1,2,2,3,3,4,4,5,5,6,6],"right_children":[2,4,6,8,10,12,14,-1,-1,-1,-1,-1,-1,-1,-1],"split_conditions":[4.5275402E-1,5.7159585E-1,4.3550026E-1,5.6693053E-1,1.5642434E-1,7.5107706E-1,9.3918985E-1,4.300169E-1,1.7162507E-2,-1.8683273E-1,1.7909148E-1,2.1785566E-1,-7.5885296E-2,-3.6757773E-1,1.7909148E-1],"split_indices":[0,2,1,1,1,0,1,0,0,0,0,0,0,0,0],"split_type":[0,0,0,0,0,0,0,0,0,0,0,0,0,0,0],"sum_hessian":[2.496E1,9.2352E0,1.5724799E1,6.24E0,2.9952E0,6.4895997E0,9.2352E0,3.744E0,2.4959998E0,1.2479999E0,1.7472E0,2.7456E0,3.744E0,7.488E0,1.7472E0],"tree_param":{"num_deleted":"0","num_feature":"3","num_nodes":"15","size_leaf_vector":"1"}},{"base_weights":[1.3772574E-2,7.220831E-1,-2.6213416E-1,3.1856444E-1,3.3590145E-2,2.128172E-1,-6.198225E-1,7.481033E-2,-5.91562E-2,-1.750408E-2,3.1497172E-1,-2.5122613E-1,1.8375535E-1],"categories":[],"categories_nodes":[],"categories_segments":[],"categories_sizes":[],"default_left":[0,0,0,0,0,0,0,0,0,0,0,0,0],"id":1,"left_children":[1,3,5,-1,7,9,11,-1,-1,-1,-1,-1,-1],"loss_changes":[5.16394E0,1.6960752E0,3.36872E0,0E0,2.2240116E-1,2.0880978E0,3.4958181E0,0E0,0E0,0E0,0E0,0E0,0E0],"parents":[2147483647,0,0,1,1,2,2,4,4,5,5,6,6],"right_children":[2,4,6,-1,8,10,12,-1,-1,-1,-1,-1,-1],"split_conditions":[2.898519E-1,5.7159585E-1,4.3550026E-1,3.1856444E-1,1.3511884E-1,4.1196704E-1,9.797459E-1,7.481033E-2,-5.91562E-2,-1.750408E-2,3.1497172E-1,-2.5122613E-1,1.8375535E-1],"split_indices":[0,2,1,0,0,1,1,0,0,0,0,0,0],"split_type":[0,0,0,0,0,0,0,0,0,0,0,0,0],"sum_hessian":[2.4455238E1,6.4022336E0,1.8053005E1,3.923503E0,2.4787307E0,7.9292645E0,1.0123741E1,1.2393653E0,1.2393653E0,6.6918297E0,1.2374352E0,8.8768015E0,1.2469392E0],"tree_param":{"num_deleted":"0","num_feature":"3","num_nodes":"13","size_leaf_vector":"1"}},{"base_weights":[3.1946667E-2,3.300351E-1,-5.193707E-1,4.5974144E-1,-1.321338E-1,2.5061595E-1,-3.1196123E-1,2.5488645E-1,7.525015E-2,-1.78706E-1,2.2791457E-1],"categories":[],"categories_nodes":[],"categories_segments":[],"categories_sizes":[],"default_left":[0,0,0,0,0,0,0,0,0,0,0],"id":2,"left_children":[1,3,5,7,-1,9,-1,-1,-1,-1,-1],"loss_changes":[4.225764E0,1.8638356E0,3.8861637E0,9.856503E-1,0E0,2.3717806E0,0E0,0E0,0E0,0E0,0E0],"parents":[2147483647,0,0,1,1,2,2,3,3,5,5],"right_children":[2,4,6,8,-1,10,-1,-1,-1,-1,-1],"split_conditions":[6.1933845E-1,8.524524E-1,4.2958072E-1,2.898519E-1,-1.321338E-1,7.055017E-1,-3.1196123E-1,2.5488645E-1,7.525015E-2,-1.78706E-1,2.2791457E-1],"split_indices":[2,0,1,0,0,2,0,0,0,0,0],"split_type":[0,0,0,0,0,0,0,0,0,0,0],"sum_hessian":[2.3670324E1,1.5624032E1,8.046293E0,1.3717988E1,1.9060438E0,3.454495E0,4.591798E0,3.715973E0,1.0002015E1,1.2336514E0,2.2208436E0],"tree_param":{"num_deleted":"0","num_feature":"3","num_nodes":"11","size_leaf_vector":"1"}},{"base_weights":[1.9246202E-2,2.4882612E-1,-4.1864702E-1,8.9155674E-2,2.518979E-1,1.890915E-1,-8.508057E-1,9.6700236E-2,-1.1792151E-1,-1.5687567E-1,1.8711443E-1,-7.3920205E-2,-2.821002E-1],"categories":[],"categories_nodes":[],"categories_segments":[],"categories_sizes":[],"default_left":[0,0,0,0,0,0,0,0,0,0,0,0,0],"id":3,"left_children":[1,3,5,7,-1,9,11,-1,-1,-1,-1,-1,-1],"loss_changes":[2.5125859E0,1.4670099E0,2.4229484E0,1.6993103E0,0E0,1.686976E0,5.051112E-2,0E0,0E0,0E0,0E0,0E0,0E0],"parents":[2147483647,0,0,1,1,2,2,3,3,5,5,6,6],"right_children":[2,4,6,8,-1,10,12,-1,-1,-1,-1,-1,-1],"split_conditions":[6.1933845E-1,5.325588E-1,4.2958072E-1,7.31277E-1,2.518979E-1,1.5642434E-1,7.211778E-1,9.6700236E-2,-1.1792151E-1,-1.5687567E-1,1.8711443E-1,-7.3920205E-2,-2.821002E-1],"split_indices":[2,2,1,0,0,1,2,0,0,0,0,0,0],"split_type":[0,0,0,0,0,0,0,0,0,0,0,0,0],"sum_hessian":[2.2956825E1,1.5343996E1,7.612829E0,1.298559E1,2.3584068E0,3.3974679E0,4.2153616E0,8.9765835E0,4.009006E0,1.2107816E0,2.1866863E0,1.0279417E0,3.1874197E0],"tree_param":{"num_deleted":"0","num_feature":"3","num_nodes":"13","size_leaf_vector":"1"}},{"base_weights":[8.186762E-3,4.8253947E-1,-1.7124583E-1,-1.9576E-2,6.0050285E-1,2.3442967E-1,-3.7338075E-1,2.7116406E-1,8.8230535E-2,-1.6998363E-1,1.5833738E-1,-3.2721964E-1,5.604584E-2],"categories":[],"categories_nodes":[],"categories_segments":[],"categories_sizes":[],"default_left":[0,0,0,0,0,0,0,0,0,0,0,0,0],"id":4,"left_children":[1,3,5,-1,7,9,11,-1,-1,-1,-1,-1,-1],"loss_changes":[2.0624077E0,4.6862864E-1,1.5319372E0,0E0,2.5157452E-1,1.819989E0,5.083256E0,0E0,0E0,0E0,0E0,0E0,0E0],"parents":[2147483647,0,0,1,1,2,2,4,4,5,5,6,6],"right_children":[2,4,6,-1,8,10,12,-1,-1,-1,-1,-1,-1],"split_conditions":[2.898519E-1,5.8249507E-2,3.3601087E-1,-1.9576E-2,1.2600043E-1,2.5575924E-1,7.006457E-1,2.7116406E-1,8.8230535E-2,-1.6998363E-1,1.5833738E-1,-3.2721964E-1,5.604584E-2],"split_indices":[0,0,2,0,0,1,0,0,0,0,0,0,0],"split_type":[0,0,0,0,0,0,0,0,0,0,0,0,0],"sum_hessian":[2.2260181E1,5.64573E0,1.6614452E1,1.0795237E0,4.5662065E0,5.47221E0,1.1142242E1,1.3145949E0,3.2516115E0,1.2171799E0,4.25503E0,4.470547E0,6.6716948E0],"tree_param":{"num_deleted":"0","num_feature":"3","num_nodes":"13","size_leaf_vector":"1"}},{"base_weights":[6.5902905E-3,4.009153E-1,-1.4237018E-1,2.3423216E-1,1.5116364E-1,-2.5469247E-1,-2.3326773E-2,-8.523085E-2,1.7231037E-1,2.721409E-1,-4.7760606E-2],"categories":[],"categories_nodes":[],"categories_segments":[],"categories_sizes":[],"default_left":[0,0,0,0,0,0,0,0,0,0,0],"id":5,"left_children":[1,3,5,-1,7,-1,9,-1,-1,-1,-1],"loss_changes":[1.3912032E0,4.9764168E-1,1.428959E0,0E0,1.1128371E0,0E0,2.1379468E0,0E0,0E0,0E0,0E0],"parents":[2147483647,0,0,1,1,2,2,4,4,6,6],"right_children":[2,4,6,-1,8,-1,10,-1,-1,-1,-1],"split_conditions":[2.898519E-1,2.2077556E-1,3.629075E-1,2.3423216E-1,1.6613416E-1,-2.5469247E-1,4.5275402E-1,-8.523085E-2,1.7231037E-1,2.721409E-1,-4.7760606E-2],"split_indices":[0,2,0,0,0,0,0,0,0,0,0],"split_type":[0,0,0,0,0,0,0,0,0,0,0],"sum_hessian":[2.1712824E1,5.489559E0,1.6223265E1,1.3341656E0,4.1553936E0,1.4550283E0,1.4768236E1,2.2105374E0,1.9448562E0,1.1585222E0,1.36097145E1],"tree_param":{"num_deleted":"0","num_feature":"3","num_nodes":"11","size_leaf_vector":"1"}},{"base_weights":[1.9096065E-2,1.869379E-1,-3.1539193E-1,4.448426E-2,2.1190773E-1,1.3110395E-1,-1.9876441E-1,1.5916196E-1,-3.3343848E-2,-1.5897274E-1,1.6871488E-1],"categories":[],"categories_nodes":[],"categories_segments":[],"categories_sizes":[],"default_left":[0,0,0,0,0,0,0,0,0,0,0],"id":6,"left_children":[1,3,5,7,-1,9,-1,-1,-1,-1,-1],"loss_changes":[1.3126241E0,1.115271E0,1.301069E0,1.059676E0,0E0,1.5128176E0,0E0,0E0,0E0,0E0,0E0],"parents":[2147483647,0,0,1,1,2,2,3,3,5,5],"right_children":[2,4,6,8,-1,10,-1,-1,-1,-1,-1],"split_conditions":[6.1933845E-1,5.325588E-1,4.2958072E-1,1.4968354E-1,2.1190773E-1,7.055017E-1,-1.9876441E-1,1.5916196E-1,-3.3343848E-2,-1.5897274E-1,1.6871488E-1],"split_indices":[2,2,1,2,0,2,0,0,0,0,0],"split_type":[0,0,0,0,0,0,0,0,0,0,0],"sum_hessian":[2.1330626E1,1.4497224E1,6.833401E0,1.2229006E1,2.2682188E0,3.2612646E0,3.5721366E0,2.381688E0,9.847318E0,1.1973764E0,2.063888E0],"tree_param":{"num_deleted":"0","num_feature":"3","num_nodes":"11",